Timestamp,Sub_Domain_Name,Keyword,Search_Volume
2023-01-31,求职活跃度,找工作,1214
2023-02-28,求职活跃度,找工作,1396
2023-03-31,求职活跃度,找工作,2309
2023-04-30,求职活跃度,找工作,1390
2023-05-31,求职活跃度,找工作,1679
2023-06-30,求职活跃度,找工作,2224
2023-07-31,求职活跃度,找工作,2207
2023-08-31,求职活跃度,找工作,1850
2023-09-30,求职活跃度,找工作,1775
2023-10-31,求职活跃度,找工作,1426
2023-11-30,求职活跃度,找工作,1636
2023-12-31,求职活跃度,找工作,1770
2024-01-31,求职活跃度,找工作,1823
2024-02-29,求职活跃度,找工作,1533
2024-03-31,求职活跃度,找工作,2343
2024-04-30,求职活跃度,找工作,1789
2024-05-31,求职活跃度,找工作,1748
2024-06-30,求职活跃度,找工作,2402
2024-07-31,求职活跃度,找工作,2213
2024-08-31,求职活跃度,找工作,1807
2024-09-30,求职活跃度,找工作,1811
2024-10-31,求职活跃度,找工作,1864
2024-11-30,求职活跃度,找工作,1796
2024-12-31,求职活跃度,找工作,1572
2023-01-31,求职活跃度,招聘,3973
2023-02-28,求职活跃度,招聘,4372
2023-03-31,求职活跃度,招聘,5736
2023-04-30,求职活跃度,招聘,4469
2023-05-31,求职活跃度,招聘,4223
2023-06-30,求职活跃度,招聘,5868
2023-07-31,求职活跃度,招聘,6362
2023-08-31,求职活跃度,招聘,4268
2023-09-30,求职活跃度,招聘,3964
2023-10-31,求职活跃度,招聘,3854
2023-11-30,求职活跃度,招聘,4421
2023-12-31,求职活跃度,招聘,4043
2024-01-31,求职活跃度,招聘,4772
2024-02-29,求职活跃度,招聘,4617
2024-03-31,求职活跃度,招聘,6032
2024-04-30,求职活跃度,招聘,4310
2024-05-31,求职活跃度,招聘,4580
2024-06-30,求职活跃度,招聘,6503
2024-07-31,求职活跃度,招聘,6646
2024-08-31,求职活跃度,招聘,4232
2024-09-30,求职活跃度,招聘,5520
2024-10-31,求职活跃度,招聘,4525
2024-11-30,求职活跃度,招聘,4342
2024-12-31,求职活跃度,招聘,5484
2023-01-31,求职活跃度,求职,4011
2023-02-28,求职活跃度,求职,3968
2023-03-31,求职活跃度,求职,4973
2023-04-30,求职活跃度,求职,3666
2023-05-31,求职活跃度,求职,4012
2023-06-30,求职活跃度,求职,5155
2023-07-31,求职活跃度,求职,4757
2023-08-31,求职活跃度,求职,3847
2023-09-30,求职活跃度,求职,3577
2023-10-31,求职活跃度,求职,3823
2023-11-30,求职活跃度,求职,3960
2023-12-31,求职活跃度,求职,3993
2024-01-31,求职活跃度,求职,3836
2024-02-29,求职活跃度,求职,4790
2024-03-31,求职活跃度,求职,5551
2024-04-30,求职活跃度,求职,4105
2024-05-31,求职活跃度,求职,3641
2024-06-30,求职活跃度,求职,5954
2024-07-31,求职活跃度,求职,5398
2024-08-31,求职活跃度,求职,4800
2024-09-30,求职活跃度,求职,4543
2024-10-31,求职活跃度,求职,4217
2024-11-30,求职活跃度,求职,4383
2024-12-31,求职活跃度,求职,3626
2023-01-31,求职活跃度,招聘信息,3763
2023-02-28,求职活跃度,招聘信息,4579
2023-03-31,求职活跃度,招聘信息,5593
2023-04-30,求职活跃度,招聘信息,5176
2023-05-31,求职活跃度,招聘信息,4015
2023-06-30,求职活跃度,招聘信息,6141
2023-07-31,求职活跃度,招聘信息,6459
2023-08-31,求职活跃度,招聘信息,4315
2023-09-30,求职活跃度,招聘信息,4263
2023-10-31,求职活跃度,招聘信息,4844
2023-11-30,求职活跃度,招聘信息,4086
2023-12-31,求职活跃度,招聘信息,5266
2024-01-31,求职活跃度,招聘信息,4280
2024-02-29,求职活跃度,招聘信息,4335
2024-03-31,求职活跃度,招聘信息,6617
2024-04-30,求职活跃度,招聘信息,3991
2024-05-31,求职活跃度,招聘信息,4993
2024-06-30,求职活跃度,招聘信息,6475
2024-07-31,求职活跃度,招聘信息,6979
2024-08-31,求职活跃度,招聘信息,5068
2024-09-30,求职活跃度,招聘信息,5548
2024-10-31,求职活跃度,招聘信息,4796
2024-11-30,求职活跃度,招聘信息,5579
2024-12-31,求职活跃度,招聘信息,5267
2023-01-31,求职活跃度,校招,3652
2023-02-28,求职活跃度,校招,3643
2023-03-31,求职活跃度,校招,5440
2023-04-30,求职活跃度,校招,3391
2023-05-31,求职活跃度,校招,3767
2023-06-30,求职活跃度,校招,5164
2023-07-31,求职活跃度,校招,5936
2023-08-31,求职活跃度,校招,3913
2023-09-30,求职活跃度,校招,3999
2023-10-31,求职活跃度,校招,3840
2023-11-30,求职活跃度,校招,3824
2023-12-31,求职活跃度,校招,4100
2024-01-31,求职活跃度,校招,4271
2024-02-29,求职活跃度,校招,3931
2024-03-31,求职活跃度,校招,5309
2024-04-30,求职活跃度,校招,3906
2024-05-31,求职活跃度,校招,4940
2024-06-30,求职活跃度,校招,5230
2024-07-31,求职活跃度,校招,5403
2024-08-31,求职活跃度,校招,3802
2024-09-30,求职活跃度,校招,4562
2024-10-31,求职活跃度,校招,4873
2024-11-30,求职活跃度,校招,4318
2024-12-31,求职活跃度,校招,5108
2023-01-31,求职活跃度,春招,4009
2023-02-28,求职活跃度,春招,4343
2023-03-31,求职活跃度,春招,5328
2023-04-30,求职活跃度,春招,4217
2023-05-31,求职活跃度,春招,4925
2023-06-30,求职活跃度,春招,6074
2023-07-31,求职活跃度,春招,6664
2023-08-31,求职活跃度,春招,5650
2023-09-30,求职活跃度,春招,4542
2023-10-31,求职活跃度,春招,4970
2023-11-30,求职活跃度,春招,4170
2023-12-31,求职活跃度,春招,5320
2024-01-31,求职活跃度,春招,5357
2024-02-29,求职活跃度,春招,4684
2024-03-31,求职活跃度,春招,6374
2024-04-30,求职活跃度,春招,4859
2024-05-31,求职活跃度,春招,4535
2024-06-30,求职活跃度,春招,7165
2024-07-31,求职活跃度,春招,7431
2024-08-31,求职活跃度,春招,5264
2024-09-30,求职活跃度,春招,4441
2024-10-31,求职活跃度,春招,6002
2024-11-30,求职活跃度,春招,5542
2024-12-31,求职活跃度,春招,5470
2023-01-31,求职活跃度,秋招,2588
2023-02-28,求职活跃度,秋招,2821
2023-03-31,求职活跃度,秋招,3924
2023-04-30,求职活跃度,秋招,3145
2023-05-31,求职活跃度,秋招,2743
2023-06-30,求职活跃度,秋招,3930
2023-07-31,求职活跃度,秋招,4853
2023-08-31,求职活跃度,秋招,3007
2023-09-30,求职活跃度,秋招,3039
2023-10-31,求职活跃度,秋招,3494
2023-11-30,求职活跃度,秋招,2965
2023-12-31,求职活跃度,秋招,3637
2024-01-31,求职活跃度,秋招,3095
2024-02-29,求职活跃度,秋招,3893
2024-03-31,求职活跃度,秋招,4517
2024-04-30,求职活跃度,秋招,3519
2024-05-31,求职活跃度,秋招,3954
2024-06-30,求职活跃度,秋招,4564
2024-07-31,求职活跃度,秋招,4384
2024-08-31,求职活跃度,秋招,3635
2024-09-30,求职活跃度,秋招,3725
2024-10-31,求职活跃度,秋招,3159
2024-11-30,求职活跃度,秋招,3714
2024-12-31,求职活跃度,秋招,3246
2023-01-31,求职活跃度,面试,3590
2023-02-28,求职活跃度,面试,3431
2023-03-31,求职活跃度,面试,5654
2023-04-30,求职活跃度,面试,4255
2023-05-31,求职活跃度,面试,4185
2023-06-30,求职活跃度,面试,6032
2023-07-31,求职活跃度,面试,6086
2023-08-31,求职活跃度,面试,4705
2023-09-30,求职活跃度,面试,4553
2023-10-31,求职活跃度,面试,3635
2023-11-30,求职活跃度,面试,4040
2023-12-31,求职活跃度,面试,4256
2024-01-31,求职活跃度,面试,5111
2024-02-29,求职活跃度,面试,4138
2024-03-31,求职活跃度,面试,5912
2024-04-30,求职活跃度,面试,4394
2024-05-31,求职活跃度,面试,4797
2024-06-30,求职活跃度,面试,6013
2024-07-31,求职活跃度,面试,6285
2024-08-31,求职活跃度,面试,4071
2024-09-30,求职活跃度,面试,4693
2024-10-31,求职活跃度,面试,5156
2024-11-30,求职活跃度,面试,4951
2024-12-31,求职活跃度,面试,4669
2023-01-31,求职活跃度,简历,4203
2023-02-28,求职活跃度,简历,4164
2023-03-31,求职活跃度,简历,5246
2023-04-30,求职活跃度,简历,4523
2023-05-31,求职活跃度,简历,4383
2023-06-30,求职活跃度,简历,5985
2023-07-31,求职活跃度,简历,5739
2023-08-31,求职活跃度,简历,3615
2023-09-30,求职活跃度,简历,4602
2023-10-31,求职活跃度,简历,4704
2023-11-30,求职活跃度,简历,3988
2023-12-31,求职活跃度,简历,4201
2024-01-31,求职活跃度,简历,4441
2024-02-29,求职活跃度,简历,4387
2024-03-31,求职活跃度,简历,6046
2024-04-30,求职活跃度,简历,4299
2024-05-31,求职活跃度,简历,4706
2024-06-30,求职活跃度,简历,6106
2024-07-31,求职活跃度,简历,6053
2024-08-31,求职活跃度,简历,4787
2024-09-30,求职活跃度,简历,4211
2024-10-31,求职活跃度,简历,5042
2024-11-30,求职活跃度,简历,4668
2024-12-31,求职活跃度,简历,4800
2023-01-31,就业困难/压力,就业难,1655
2023-02-28,就业困难/压力,就业难,1608
2023-03-31,就业困难/压力,就业难,2340
2023-04-30,就业困难/压力,就业难,1543
2023-05-31,就业困难/压力,就业难,1760
2023-06-30,就业困难/压力,就业难,2470
2023-07-31,就业困难/压力,就业难,2504
2023-08-31,就业困难/压力,就业难,1900
2023-09-30,就业困难/压力,就业难,1584
2023-10-31,就业困难/压力,就业难,1981
2023-11-30,就业困难/压力,就业难,2013
2023-12-31,就业困难/压力,就业难,1897
2024-01-31,就业困难/压力,就业难,2043
2024-02-29,就业困难/压力,就业难,1944
2024-03-31,就业困难/压力,就业难,3000
2024-04-30,就业困难/压力,就业难,2178
2024-05-31,就业困难/压力,就业难,2148
2024-06-30,就业困难/压力,就业难,2487
2024-07-31,就业困难/压力,就业难,2745
2024-08-31,就业困难/压力,就业难,2176
2024-09-30,就业困难/压力,就业难,2236
2024-10-31,就业困难/压力,就业难,2074
2024-11-30,就业困难/压力,就业难,2455
2024-12-31,就业困难/压力,就业难,2198
2023-01-31,就业困难/压力,找工作难,1933
2023-02-28,就业困难/压力,找工作难,1755
2023-03-31,就业困难/压力,找工作难,2731
2023-04-30,就业困难/压力,找工作难,1963
2023-05-31,就业困难/压力,找工作难,1651
2023-06-30,就业困难/压力,找工作难,2896
2023-07-31,就业困难/压力,找工作难,2621
2023-08-31,就业困难/压力,找工作难,2021
2023-09-30,就业困难/压力,找工作难,2176
2023-10-31,就业困难/压力,找工作难,1692
2023-11-30,就业困难/压力,找工作难,2073
2023-12-31,就业困难/压力,找工作难,2150
2024-01-31,就业困难/压力,找工作难,2064
2024-02-29,就业困难/压力,找工作难,2215
2024-03-31,就业困难/压力,找工作难,3113
2024-04-30,就业困难/压力,找工作难,2247
2024-05-31,就业困难/压力,找工作难,2413
2024-06-30,就业困难/压力,找工作难,2865
2024-07-31,就业困难/压力,找工作难,3231
2024-08-31,就业困难/压力,找工作难,2265
2024-09-30,就业困难/压力,找工作难,2150
2024-10-31,就业困难/压力,找工作难,2072
2024-11-30,就业困难/压力,找工作难,2182
2024-12-31,就业困难/压力,找工作难,2243
2023-01-31,就业困难/压力,应届生就业,2132
2023-02-28,就业困难/压力,应届生就业,2647
2023-03-31,就业困难/压力,应届生就业,3680
2023-04-30,就业困难/压力,应届生就业,2614
2023-05-31,就业困难/压力,应届生就业,2506
2023-06-30,就业困难/压力,应届生就业,3938
2023-07-31,就业困难/压力,应届生就业,3883
2023-08-31,就业困难/压力,应届生就业,2935
2023-09-30,就业困难/压力,应届生就业,2583
2023-10-31,就业困难/压力,应届生就业,3053
2023-11-30,就业困难/压力,应届生就业,2528
2023-12-31,就业困难/压力,应届生就业,2890
2024-01-31,就业困难/压力,应届生就业,2547
2024-02-29,就业困难/压力,应届生就业,3056
2024-03-31,就业困难/压力,应届生就业,3674
2024-04-30,就业困难/压力,应届生就业,3186
2024-05-31,就业困难/压力,应届生就业,2480
2024-06-30,就业困难/压力,应届生就业,3647
2024-07-31,就业困难/压力,应届生就业,3945
2024-08-31,就业困难/压力,应届生就业,3026
2024-09-30,就业困难/压力,应届生就业,3371
2024-10-31,就业困难/压力,应届生就业,3078
2024-11-30,就业困难/压力,应届生就业,3225
2024-12-31,就业困难/压力,应届生就业,2819
2023-01-31,就业困难/压力,应届生找工作,1737
2023-02-28,就业困难/压力,应届生找工作,1332
2023-03-31,就业困难/压力,应届生找工作,2117
2023-04-30,就业困难/压力,应届生找工作,1438
2023-05-31,就业困难/压力,应届生找工作,1278
2023-06-30,就业困难/压力,应届生找工作,2332
2023-07-31,就业困难/压力,应届生找工作,2270
2023-08-31,就业困难/压力,应届生找工作,1613
2023-09-30,就业困难/压力,应届生找工作,1620
2023-10-31,就业困难/压力,应届生找工作,1853
2023-11-30,就业困难/压力,应届生找工作,1508
2023-12-31,就业困难/压力,应届生找工作,1695
2024-01-31,就业困难/压力,应届生找工作,1562
2024-02-29,就业困难/压力,应届生找工作,1458
2024-03-31,就业困难/压力,应届生找工作,2420
2024-04-30,就业困难/压力,应届生找工作,1843
2024-05-31,就业困难/压力,应届生找工作,1656
2024-06-30,就业困难/压力,应届生找工作,2229
2024-07-31,就业困难/压力,应届生找工作,2224
2024-08-31,就业困难/压力,应届生找工作,1759
2024-09-30,就业困难/压力,应届生找工作,1713
2024-10-31,就业困难/压力,应届生找工作,1771
2024-11-30,就业困难/压力,应届生找工作,1861
2024-12-31,就业困难/压力,应届生找工作,2037
2023-01-31,就业困难/压力,就业形势,1717
2023-02-28,就业困难/压力,就业形势,1736
2023-03-31,就业困难/压力,就业形势,2786
2023-04-30,就业困难/压力,就业形势,1653
2023-05-31,就业困难/压力,就业形势,1343
2023-06-30,就业困难/压力,就业形势,2342
2023-07-31,就业困难/压力,就业形势,2369
2023-08-31,就业困难/压力,就业形势,1862
2023-09-30,就业困难/压力,就业形势,1965
2023-10-31,就业困难/压力,就业形势,1856
2023-11-30,就业困难/压力,就业形势,1492
2023-12-31,就业困难/压力,就业形势,1782
2024-01-31,就业困难/压力,就业形势,1822
2024-02-29,就业困难/压力,就业形势,1649
2024-03-31,就业困难/压力,就业形势,2704
2024-04-30,就业困难/压力,就业形势,1839
2024-05-31,就业困难/压力,就业形势,1769
2024-06-30,就业困难/压力,就业形势,2599
2024-07-31,就业困难/压力,就业形势,2467
2024-08-31,就业困难/压力,就业形势,1980
2024-09-30,就业困难/压力,就业形势,2114
2024-10-31,就业困难/压力,就业形势,1962
2024-11-30,就业困难/压力,就业形势,1831
2024-12-31,就业困难/压力,就业形势,1801
2023-01-31,就业困难/压力,就业前景,3525
2023-02-28,就业困难/压力,就业前景,4032
2023-03-31,就业困难/压力,就业前景,5941
2023-04-30,就业困难/压力,就业前景,3824
2023-05-31,就业困难/压力,就业前景,3843
2023-06-30,就业困难/压力,就业前景,4841
2023-07-31,就业困难/压力,就业前景,5605
2023-08-31,就业困难/压力,就业前景,3931
2023-09-30,就业困难/压力,就业前景,4008
2023-10-31,就业困难/压力,就业前景,4051
2023-11-30,就业困难/压力,就业前景,4132
2023-12-31,就业困难/压力,就业前景,4180
2024-01-31,就业困难/压力,就业前景,4018
2024-02-29,就业困难/压力,就业前景,4310
2024-03-31,就业困难/压力,就业前景,6072
2024-04-30,就业困难/压力,就业前景,4274
2024-05-31,就业困难/压力,就业前景,5103
2024-06-30,就业困难/压力,就业前景,5870
2024-07-31,就业困难/压力,就业前景,6051
2024-08-31,就业困难/压力,就业前景,3946
2024-09-30,就业困难/压力,就业前景,4117
2024-10-31,就业困难/压力,就业前景,5165
2024-11-30,就业困难/压力,就业前景,4949
2024-12-31,就业困难/压力,就业前景,5484
2023-01-31,就业困难/压力,行业前景,4860
2023-02-28,就业困难/压力,行业前景,3979
2023-03-31,就业困难/压力,行业前景,6206
2023-04-30,就业困难/压力,行业前景,3946
2023-05-31,就业困难/压力,行业前景,4337
2023-06-30,就业困难/压力,行业前景,5502
2023-07-31,就业困难/压力,行业前景,6252
2023-08-31,就业困难/压力,行业前景,4221
2023-09-30,就业困难/压力,行业前景,4327
2023-10-31,就业困难/压力,行业前景,5027
2023-11-30,就业困难/压力,行业前景,3677
2023-12-31,就业困难/压力,行业前景,4333
2024-01-31,就业困难/压力,行业前景,4374
2024-02-29,就业困难/压力,行业前景,4980
2024-03-31,就业困难/压力,行业前景,7082
2024-04-30,就业困难/压力,行业前景,4785
2024-05-31,就业困难/压力,行业前景,4714
2024-06-30,就业困难/压力,行业前景,7189
2024-07-31,就业困难/压力,行业前景,6923
2024-08-31,就业困难/压力,行业前景,5038
2024-09-30,就业困难/压力,行业前景,5569
2024-10-31,就业困难/压力,行业前景,5161
2024-11-30,就业困难/压力,行业前景,4892
2024-12-31,就业困难/压力,行业前景,5739
2023-01-31,就业困难/压力,薪资水平,1389
2023-02-28,就业困难/压力,薪资水平,1729
2023-03-31,就业困难/压力,薪资水平,2076
2023-04-30,就业困难/压力,薪资水平,1673
2023-05-31,就业困难/压力,薪资水平,1505
2023-06-30,就业困难/压力,薪资水平,2007
2023-07-31,就业困难/压力,薪资水平,2019
2023-08-31,就业困难/压力,薪资水平,1769
2023-09-30,就业困难/压力,薪资水平,1551
2023-10-31,就业困难/压力,薪资水平,1645
2023-11-30,就业困难/压力,薪资水平,1562
2023-12-31,就业困难/压力,薪资水平,1628
2024-01-31,就业困难/压力,薪资水平,1617
2024-02-29,就业困难/压力,薪资水平,1719
2024-03-31,就业困难/压力,薪资水平,2397
2024-04-30,就业困难/压力,薪资水平,1786
2024-05-31,就业困难/压力,薪资水平,1959
2024-06-30,就业困难/压力,薪资水平,1930
2024-07-31,就业困难/压力,薪资水平,2070
2024-08-31,就业困难/压力,薪资水平,1698
2024-09-30,就业困难/压力,薪资水平,1640
2024-10-31,就业困难/压力,薪资水平,1804
2024-11-30,就业困难/压力,薪资水平,1682
2024-12-31,就业困难/压力,薪资水平,1821
2023-01-31,就业困难/压力,薪资查询,4796
2023-02-28,就业困难/压力,薪资查询,3944
2023-03-31,就业困难/压力,薪资查询,6488
2023-04-30,就业困难/压力,薪资查询,3734
2023-05-31,就业困难/压力,薪资查询,4506
2023-06-30,就业困难/压力,薪资查询,7043
2023-07-31,就业困难/压力,薪资查询,5516
2023-08-31,就业困难/压力,薪资查询,4775
2023-09-30,就业困难/压力,薪资查询,4429
2023-10-31,就业困难/压力,薪资查询,5379
2023-11-30,就业困难/压力,薪资查询,3916
2023-12-31,就业困难/压力,薪资查询,4159
2024-01-31,就业困难/压力,薪资查询,5821
2024-02-29,就业困难/压力,薪资查询,4635
2024-03-31,就业困难/压力,薪资查询,6546
2024-04-30,就业困难/压力,薪资查询,4729
2024-05-31,就业困难/压力,薪资查询,5207
2024-06-30,就业困难/压力,薪资查询,6548
2024-07-31,就业困难/压力,薪资查询,6652
2024-08-31,就业困难/压力,薪资查询,4643
2024-09-30,就业困难/压力,薪资查询,5178
2024-10-31,就业困难/压力,薪资查询,5335
2024-11-30,就业困难/压力,薪资查询,5663
2024-12-31,就业困难/压力,薪资查询,5458
2023-01-31,就业困难/压力,大学生就业,2603
2023-02-28,就业困难/压力,大学生就业,2690
2023-03-31,就业困难/压力,大学生就业,3403
2023-04-30,就业困难/压力,大学生就业,2844
2023-05-31,就业困难/压力,大学生就业,2811
2023-06-30,就业困难/压力,大学生就业,3482
2023-07-31,就业困难/压力,大学生就业,3898
2023-08-31,就业困难/压力,大学生就业,2257
2023-09-30,就业困难/压力,大学生就业,2709
2023-10-31,就业困难/压力,大学生就业,2577
2023-11-30,就业困难/压力,大学生就业,3115
2023-12-31,就业困难/压力,大学生就业,3145
2024-01-31,就业困难/压力,大学生就业,2853
2024-02-29,就业困难/压力,大学生就业,2857
2024-03-31,就业困难/压力,大学生就业,3801
2024-04-30,就业困难/压力,大学生就业,2703
2024-05-31,就业困难/压力,大学生就业,3010
2024-06-30,就业困难/压力,大学生就业,3815
2024-07-31,就业困难/压力,大学生就业,3416
2024-08-31,就业困难/压力,大学生就业,2956
2024-09-30,就业困难/压力,大学生就业,3076
2024-10-31,就业困难/压力,大学生就业,2809
2024-11-30,就业困难/压力,大学生就业,2874
2024-12-31,就业困难/压力,大学生就业,3432
2023-01-31,就业困难/压力,毕业生就业,3261
2023-02-28,就业困难/压力,毕业生就业,3200
2023-03-31,就业困难/压力,毕业生就业,4287
2023-04-30,就业困难/压力,毕业生就业,2806
2023-05-31,就业困难/压力,毕业生就业,2972
2023-06-30,就业困难/压力,毕业生就业,4345
2023-07-31,就业困难/压力,毕业生就业,4696
2023-08-31,就业困难/压力,毕业生就业,3296
2023-09-30,就业困难/压力,毕业生就业,2581
2023-10-31,就业困难/压力,毕业生就业,2779
2023-11-30,就业困难/压力,毕业生就业,3113
2023-12-31,就业困难/压力,毕业生就业,3634
2024-01-31,就业困难/压力,毕业生就业,2826
2024-02-29,就业困难/压力,毕业生就业,3342
2024-03-31,就业困难/压力,毕业生就业,4488
2024-04-30,就业困难/压力,毕业生就业,3339
2024-05-31,就业困难/压力,毕业生就业,3734
2024-06-30,就业困难/压力,毕业生就业,5021
2024-07-31,就业困难/压力,毕业生就业,4749
2024-08-31,就业困难/压力,毕业生就业,2982
2024-09-30,就业困难/压力,毕业生就业,3837
2024-10-31,就业困难/压力,毕业生就业,3928
2024-11-30,就业困难/压力,毕业生就业,3344
2024-12-31,就业困难/压力,毕业生就业,3365
2023-01-31,失业/裁员压力,失业,3425
2023-02-28,失业/裁员压力,失业,2850
2023-03-31,失业/裁员压力,失业,2533
2023-04-30,失业/裁员压力,失业,2825
2023-05-31,失业/裁员压力,失业,2504
2023-06-30,失业/裁员压力,失业,2694
2023-07-31,失业/裁员压力,失业,2550
2023-08-31,失业/裁员压力,失业,2627
2023-09-30,失业/裁员压力,失业,2380
2023-10-31,失业/裁员压力,失业,2900
2023-11-30,失业/裁员压力,失业,2574
2023-12-31,失业/裁员压力,失业,3039
2024-01-31,失业/裁员压力,失业,3504
2024-02-29,失业/裁员压力,失业,3152
2024-03-31,失业/裁员压力,失业,2843
2024-04-30,失业/裁员压力,失业,2739
2024-05-31,失业/裁员压力,失业,3014
2024-06-30,失业/裁员压力,失业,2724
2024-07-31,失业/裁员压力,失业,2510
2024-08-31,失业/裁员压力,失业,2948
2024-09-30,失业/裁员压力,失业,2759
2024-10-31,失业/裁员压力,失业,3084
2024-11-30,失业/裁员压力,失业,3127
2024-12-31,失业/裁员压力,失业,3465
2023-01-31,失业/裁员压力,裁员,4656
2023-02-28,失业/裁员压力,裁员,2864
2023-03-31,失业/裁员压力,裁员,3348
2023-04-30,失业/裁员压力,裁员,4338
2023-05-31,失业/裁员压力,裁员,3659
2023-06-30,失业/裁员压力,裁员,3438
2023-07-31,失业/裁员压力,裁员,3654
2023-08-31,失业/裁员压力,裁员,3207
2023-09-30,失业/裁员压力,裁员,3582
2023-10-31,失业/裁员压力,裁员,3438
2023-11-30,失业/裁员压力,裁员,3597
2023-12-31,失业/裁员压力,裁员,4953
2024-01-31,失业/裁员压力,裁员,5141
2024-02-29,失业/裁员压力,裁员,3466
2024-03-31,失业/裁员压力,裁员,3353
2024-04-30,失业/裁员压力,裁员,3994
2024-05-31,失业/裁员压力,裁员,3988
2024-06-30,失业/裁员压力,裁员,4106
2024-07-31,失业/裁员压力,裁员,3574
2024-08-31,失业/裁员压力,裁员,4230
2024-09-30,失业/裁员压力,裁员,3804
2024-10-31,失业/裁员压力,裁员,4335
2024-11-30,失业/裁员压力,裁员,4237
2024-12-31,失业/裁员压力,裁员,5147
2023-01-31,失业/裁员压力,裁员潮,2424
2023-02-28,失业/裁员压力,裁员潮,1908
2023-03-31,失业/裁员压力,裁员潮,1908
2023-04-30,失业/裁员压力,裁员潮,1996
2023-05-31,失业/裁员压力,裁员潮,2037
2023-06-30,失业/裁员压力,裁员潮,2175
2023-07-31,失业/裁员压力,裁员潮,2145
2023-08-31,失业/裁员压力,裁员潮,2398
2023-09-30,失业/裁员压力,裁员潮,1900
2023-10-31,失业/裁员压力,裁员潮,1934
2023-11-30,失业/裁员压力,裁员潮,2078
2023-12-31,失业/裁员压力,裁员潮,2509
2024-01-31,失业/裁员压力,裁员潮,2357
2024-02-29,失业/裁员压力,裁员潮,2147
2024-03-31,失业/裁员压力,裁员潮,2102
2024-04-30,失业/裁员压力,裁员潮,2415
2024-05-31,失业/裁员压力,裁员潮,2006
2024-06-30,失业/裁员压力,裁员潮,2411
2024-07-31,失业/裁员压力,裁员潮,2544
2024-08-31,失业/裁员压力,裁员潮,2237
2024-09-30,失业/裁员压力,裁员潮,2069
2024-10-31,失业/裁员压力,裁员潮,2434
2024-11-30,失业/裁员压力,裁员潮,2465
2024-12-31,失业/裁员压力,裁员潮,3051
2023-01-31,失业/裁员压力,被裁,5191
2023-02-28,失业/裁员压力,被裁,3583
2023-03-31,失业/裁员压力,被裁,2833
2023-04-30,失业/裁员压力,被裁,4308
2023-05-31,失业/裁员压力,被裁,3140
2023-06-30,失业/裁员压力,被裁,4335
2023-07-31,失业/裁员压力,被裁,3695
2023-08-31,失业/裁员压力,被裁,3741
2023-09-30,失业/裁员压力,被裁,3867
2023-10-31,失业/裁员压力,被裁,3720
2023-11-30,失业/裁员压力,被裁,4016
2023-12-31,失业/裁员压力,被裁,4774
2024-01-31,失业/裁员压力,被裁,4438
2024-02-29,失业/裁员压力,被裁,4030
2024-03-31,失业/裁员压力,被裁,4021
2024-04-30,失业/裁员压力,被裁,3972
2024-05-31,失业/裁员压力,被裁,4392
2024-06-30,失业/裁员压力,被裁,4177
2024-07-31,失业/裁员压力,被裁,4231
2024-08-31,失业/裁员压力,被裁,4142
2024-09-30,失业/裁员压力,被裁,3804
2024-10-31,失业/裁员压力,被裁,3938
2024-11-30,失业/裁员压力,被裁,4216
2024-12-31,失业/裁员压力,被裁,5020
2023-01-31,失业/裁员压力,优化,1320
2023-02-28,失业/裁员压力,优化,1022
2023-03-31,失业/裁员压力,优化,1052
2023-04-30,失业/裁员压力,优化,1076
2023-05-31,失业/裁员压力,优化,885
2023-06-30,失业/裁员压力,优化,1170
2023-07-31,失业/裁员压力,优化,1152
2023-08-31,失业/裁员压力,优化,1048
2023-09-30,失业/裁员压力,优化,845
2023-10-31,失业/裁员压力,优化,1124
2023-11-30,失业/裁员压力,优化,1183
2023-12-31,失业/裁员压力,优化,1571
2024-01-31,失业/裁员压力,优化,1420
2024-02-29,失业/裁员压力,优化,1162
2024-03-31,失业/裁员压力,优化,1249
2024-04-30,失业/裁员压力,优化,911
2024-05-31,失业/裁员压力,优化,954
2024-06-30,失业/裁员压力,优化,1211
2024-07-31,失业/裁员压力,优化,1246
2024-08-31,失业/裁员压力,优化,1057
2024-09-30,失业/裁员压力,优化,995
2024-10-31,失业/裁员压力,优化,1335
2024-11-30,失业/裁员压力,优化,1227
2024-12-31,失业/裁员压力,优化,1556
2023-01-31,失业/裁员压力,失业金,4255
2023-02-28,失业/裁员压力,失业金,3882
2023-03-31,失业/裁员压力,失业金,3780
2023-04-30,失业/裁员压力,失业金,3267
2023-05-31,失业/裁员压力,失业金,3782
2023-06-30,失业/裁员压力,失业金,4360
2023-07-31,失业/裁员压力,失业金,3555
2023-08-31,失业/裁员压力,失业金,4019
2023-09-30,失业/裁员压力,失业金,3608
2023-10-31,失业/裁员压力,失业金,4048
2023-11-30,失业/裁员压力,失业金,3512
2023-12-31,失业/裁员压力,失业金,4692
2024-01-31,失业/裁员压力,失业金,4973
2024-02-29,失业/裁员压力,失业金,4288
2024-03-31,失业/裁员压力,失业金,4348
2024-04-30,失业/裁员压力,失业金,3784
2024-05-31,失业/裁员压力,失业金,4277
2024-06-30,失业/裁员压力,失业金,4250
2024-07-31,失业/裁员压力,失业金,4569
2024-08-31,失业/裁员压力,失业金,3901
2024-09-30,失业/裁员压力,失业金,3853
2024-10-31,失业/裁员压力,失业金,4548
2024-11-30,失业/裁员压力,失业金,3741
2024-12-31,失业/裁员压力,失业金,5005
2023-01-31,失业/裁员压力,失业保险,4827
2023-02-28,失业/裁员压力,失业保险,3675
2023-03-31,失业/裁员压力,失业保险,4182
2023-04-30,失业/裁员压力,失业保险,3554
2023-05-31,失业/裁员压力,失业保险,4495
2023-06-30,失业/裁员压力,失业保险,4123
2023-07-31,失业/裁员压力,失业保险,3664
2023-08-31,失业/裁员压力,失业保险,3979
2023-09-30,失业/裁员压力,失业保险,3911
2023-10-31,失业/裁员压力,失业保险,3523
2023-11-30,失业/裁员压力,失业保险,3670
2023-12-31,失业/裁员压力,失业保险,5286
2024-01-31,失业/裁员压力,失业保险,5237
2024-02-29,失业/裁员压力,失业保险,4638
2024-03-31,失业/裁员压力,失业保险,4177
2024-04-30,失业/裁员压力,失业保险,4292
2024-05-31,失业/裁员压力,失业保险,4080
2024-06-30,失业/裁员压力,失业保险,4370
2024-07-31,失业/裁员压力,失业保险,3988
2024-08-31,失业/裁员压力,失业保险,4524
2024-09-30,失业/裁员压力,失业保险,4169
2024-10-31,失业/裁员压力,失业保险,4600
2024-11-30,失业/裁员压力,失业保险,4656
2024-12-31,失业/裁员压力,失业保险,5945
2023-01-31,失业/裁员压力,失业补助,3689
2023-02-28,失业/裁员压力,失业补助,3717
2023-03-31,失业/裁员压力,失业补助,3285
2023-04-30,失业/裁员压力,失业补助,3820
2023-05-31,失业/裁员压力,失业补助,3306
2023-06-30,失业/裁员压力,失业补助,3019
2023-07-31,失业/裁员压力,失业补助,3951
2023-08-31,失业/裁员压力,失业补助,4109
2023-09-30,失业/裁员压力,失业补助,4049
2023-10-31,失业/裁员压力,失业补助,4752
2023-11-30,失业/裁员压力,失业补助,4352
2023-12-31,失业/裁员压力,失业补助,5088
2024-01-31,失业/裁员压力,失业补助,4899
2024-02-29,失业/裁员压力,失业补助,3974
2024-03-31,失业/裁员压力,失业补助,4025
2024-04-30,失业/裁员压力,失业补助,4414
2024-05-31,失业/裁员压力,失业补助,4122
2024-06-30,失业/裁员压力,失业补助,4405
2024-07-31,失业/裁员压力,失业补助,4498
2024-08-31,失业/裁员压力,失业补助,4428
2024-09-30,失业/裁员压力,失业补助,4244
2024-10-31,失业/裁员压力,失业补助,4596
2024-11-30,失业/裁员压力,失业补助,4881
2024-12-31,失业/裁员压力,失业补助,4851
2023-01-31,失业/裁员压力,失业登记,3777
2023-02-28,失业/裁员压力,失业登记,3109
2023-03-31,失业/裁员压力,失业登记,2976
2023-04-30,失业/裁员压力,失业登记,2499
2023-05-31,失业/裁员压力,失业登记,2835
2023-06-30,失业/裁员压力,失业登记,3185
2023-07-31,失业/裁员压力,失业登记,2818
2023-08-31,失业/裁员压力,失业登记,2979
2023-09-30,失业/裁员压力,失业登记,2517
2023-10-31,失业/裁员压力,失业登记,2843
2023-11-30,失业/裁员压力,失业登记,3116
2023-12-31,失业/裁员压力,失业登记,3942
2024-01-31,失业/裁员压力,失业登记,3635
2024-02-29,失业/裁员压力,失业登记,2819
2024-03-31,失业/裁员压力,失业登记,3316
2024-04-30,失业/裁员压力,失业登记,2466
2024-05-31,失业/裁员压力,失业登记,3195
2024-06-30,失业/裁员压力,失业登记,2938
2024-07-31,失业/裁员压力,失业登记,3410
2024-08-31,失业/裁员压力,失业登记,3166
2024-09-30,失业/裁员压力,失业登记,2977
2024-10-31,失业/裁员压力,失业登记,3060
2024-11-30,失业/裁员压力,失业登记,3421
2024-12-31,失业/裁员压力,失业登记,4001
2023-01-31,失业/裁员压力,再就业,5572
2023-02-28,失业/裁员压力,再就业,3425
2023-03-31,失业/裁员压力,再就业,3249
2023-04-30,失业/裁员压力,再就业,4254
2023-05-31,失业/裁员压力,再就业,3733
2023-06-30,失业/裁员压力,再就业,4030
2023-07-31,失业/裁员压力,再就业,3882
2023-08-31,失业/裁员压力,再就业,4086
2023-09-30,失业/裁员压力,再就业,3585
2023-10-31,失业/裁员压力,再就业,5227
2023-11-30,失业/裁员压力,再就业,4009
2023-12-31,失业/裁员压力,再就业,5213
2024-01-31,失业/裁员压力,再就业,4961
2024-02-29,失业/裁员压力,再就业,4266
2024-03-31,失业/裁员压力,再就业,4440
2024-04-30,失业/裁员压力,再就业,4419
2024-05-31,失业/裁员压力,再就业,4253
2024-06-30,失业/裁员压力,再就业,4037
2024-07-31,失业/裁员压力,再就业,4564
2024-08-31,失业/裁员压力,再就业,4326
2024-09-30,失业/裁员压力,再就业,3956
2024-10-31,失业/裁员压力,再就业,4157
2024-11-30,失业/裁员压力,再就业,4353
2024-12-31,失业/裁员压力,再就业,5512
2023-01-31,失业/裁员压力,低门槛工作,3772
2023-02-28,失业/裁员压力,低门槛工作,3040
2023-03-31,失业/裁员压力,低门槛工作,3605
2023-04-30,失业/裁员压力,低门槛工作,3657
2023-05-31,失业/裁员压力,低门槛工作,3284
2023-06-30,失业/裁员压力,低门槛工作,2974
2023-07-31,失业/裁员压力,低门槛工作,3427
2023-08-31,失业/裁员压力,低门槛工作,3164
2023-09-30,失业/裁员压力,低门槛工作,2889
2023-10-31,失业/裁员压力,低门槛工作,2860
2023-11-30,失业/裁员压力,低门槛工作,3629
2023-12-31,失业/裁员压力,低门槛工作,3900
2024-01-31,失业/裁员压力,低门槛工作,4096
2024-02-29,失业/裁员压力,低门槛工作,3303
2024-03-31,失业/裁员压力,低门槛工作,3924
2024-04-30,失业/裁员压力,低门槛工作,4109
2024-05-31,失业/裁员压力,低门槛工作,4073
2024-06-30,失业/裁员压力,低门槛工作,3819
2024-07-31,失业/裁员压力,低门槛工作,3809
2024-08-31,失业/裁员压力,低门槛工作,3417
2024-09-30,失业/裁员压力,低门槛工作,3559
2024-10-31,失业/裁员压力,低门槛工作,3991
2024-11-30,失业/裁员压力,低门槛工作,3866
2024-12-31,失业/裁员压力,低门槛工作,4162
2023-01-31,失业/裁员压力,临时工,3668
2023-02-28,失业/裁员压力,临时工,3018
2023-03-31,失业/裁员压力,临时工,3512
2023-04-30,失业/裁员压力,临时工,2765
2023-05-31,失业/裁员压力,临时工,3392
2023-06-30,失业/裁员压力,临时工,2780
2023-07-31,失业/裁员压力,临时工,3123
2023-08-31,失业/裁员压力,临时工,3099
2023-09-30,失业/裁员压力,临时工,3097
2023-10-31,失业/裁员压力,临时工,3615
2023-11-30,失业/裁员压力,临时工,3592
2023-12-31,失业/裁员压力,临时工,4319
2024-01-31,失业/裁员压力,临时工,4109
2024-02-29,失业/裁员压力,临时工,2785
2024-03-31,失业/裁员压力,临时工,3506
2024-04-30,失业/裁员压力,临时工,3319
2024-05-31,失业/裁员压力,临时工,3130
2024-06-30,失业/裁员压力,临时工,3448
2024-07-31,失业/裁员压力,临时工,3469
2024-08-31,失业/裁员压力,临时工,3381
2024-09-30,失业/裁员压力,临时工,3584
2024-10-31,失业/裁员压力,临时工,4171
2024-11-30,失业/裁员压力,临时工,3409
2024-12-31,失业/裁员压力,临时工,4743
2023-01-31,失业/裁员压力,兼职,4343
2023-02-28,失业/裁员压力,兼职,3233
2023-03-31,失业/裁员压力,兼职,3596
2023-04-30,失业/裁员压力,兼职,3324
2023-05-31,失业/裁员压力,兼职,3095
2023-06-30,失业/裁员压力,兼职,3979
2023-07-31,失业/裁员压力,兼职,3284
2023-08-31,失业/裁员压力,兼职,2877
2023-09-30,失业/裁员压力,兼职,3328
2023-10-31,失业/裁员压力,兼职,3788
2023-11-30,失业/裁员压力,兼职,3023
2023-12-31,失业/裁员压力,兼职,4584
2024-01-31,失业/裁员压力,兼职,4452
2024-02-29,失业/裁员压力,兼职,3401
2024-03-31,失业/裁员压力,兼职,3057
2024-04-30,失业/裁员压力,兼职,3592
2024-05-31,失业/裁员压力,兼职,3699
2024-06-30,失业/裁员压力,兼职,3503
2024-07-31,失业/裁员压力,兼职,2885
2024-08-31,失业/裁员压力,兼职,3834
2024-09-30,失业/裁员压力,兼职,3421
2024-10-31,失业/裁员压力,兼职,4285
2024-11-30,失业/裁员压力,兼职,3557
2024-12-31,失业/裁员压力,兼职,4588
2023-01-31,失业/裁员压力,蓝领招聘,6224
2023-02-28,失业/裁员压力,蓝领招聘,3874
2023-03-31,失业/裁员压力,蓝领招聘,4181
2023-04-30,失业/裁员压力,蓝领招聘,5147
2023-05-31,失业/裁员压力,蓝领招聘,4368
2023-06-30,失业/裁员压力,蓝领招聘,4516
2023-07-31,失业/裁员压力,蓝领招聘,4655
2023-08-31,失业/裁员压力,蓝领招聘,4943
2023-09-30,失业/裁员压力,蓝领招聘,4578
2023-10-31,失业/裁员压力,蓝领招聘,3883
2023-11-30,失业/裁员压力,蓝领招聘,4667
2023-12-31,失业/裁员压力,蓝领招聘,6213
2024-01-31,失业/裁员压力,蓝领招聘,4862
2024-02-29,失业/裁员压力,蓝领招聘,5378
2024-03-31,失业/裁员压力,蓝领招聘,4778
2024-04-30,失业/裁员压力,蓝领招聘,4186
2024-05-31,失业/裁员压力,蓝领招聘,4743
2024-06-30,失业/裁员压力,蓝领招聘,5738
2024-07-31,失业/裁员压力,蓝领招聘,5362
2024-08-31,失业/裁员压力,蓝领招聘,5126
2024-09-30,失业/裁员压力,蓝领招聘,5048
2024-10-31,失业/裁员压力,蓝领招聘,4179
2024-11-30,失业/裁员压力,蓝领招聘,5149
2024-12-31,失业/裁员压力,蓝领招聘,6943
2023-01-31,结构性/弱势群体压力,35岁就业,5139
2023-02-28,结构性/弱势群体压力,35岁就业,3389
2023-03-31,结构性/弱势群体压力,35岁就业,3717
2023-04-30,结构性/弱势群体压力,35岁就业,3488
2023-05-31,结构性/弱势群体压力,35岁就业,3438
2023-06-30,结构性/弱势群体压力,35岁就业,3773
2023-07-31,结构性/弱势群体压力,35岁就业,3194
2023-08-31,结构性/弱势群体压力,35岁就业,4694
2023-09-30,结构性/弱势群体压力,35岁就业,4509
2023-10-31,结构性/弱势群体压力,35岁就业,4408
2023-11-30,结构性/弱势群体压力,35岁就业,5025
2023-12-31,结构性/弱势群体压力,35岁就业,5495
2024-01-31,结构性/弱势群体压力,35岁就业,4388
2024-02-29,结构性/弱势群体压力,35岁就业,4225
2024-03-31,结构性/弱势群体压力,35岁就业,4060
2024-04-30,结构性/弱势群体压力,35岁就业,4794
2024-05-31,结构性/弱势群体压力,35岁就业,4289
2024-06-30,结构性/弱势群体压力,35岁就业,4205
2024-07-31,结构性/弱势群体压力,35岁就业,4344
2024-08-31,结构性/弱势群体压力,35岁就业,4774
2024-09-30,结构性/弱势群体压力,35岁就业,4263
2024-10-31,结构性/弱势群体压力,35岁就业,4693
2024-11-30,结构性/弱势群体压力,35岁就业,4997
2024-12-31,结构性/弱势群体压力,35岁就业,5149
2023-01-31,结构性/弱势群体压力,35岁找工作,4420
2023-02-28,结构性/弱势群体压力,35岁找工作,3548
2023-03-31,结构性/弱势群体压力,35岁找工作,3071
2023-04-30,结构性/弱势群体压力,35岁找工作,3726
2023-05-31,结构性/弱势群体压力,35岁找工作,3062
2023-06-30,结构性/弱势群体压力,35岁找工作,3379
2023-07-31,结构性/弱势群体压力,35岁找工作,3187
2023-08-31,结构性/弱势群体压力,35岁找工作,3330
2023-09-30,结构性/弱势群体压力,35岁找工作,3636
2023-10-31,结构性/弱势群体压力,35岁找工作,3931
2023-11-30,结构性/弱势群体压力,35岁找工作,3149
2023-12-31,结构性/弱势群体压力,35岁找工作,4259
2024-01-31,结构性/弱势群体压力,35岁找工作,4613
2024-02-29,结构性/弱势群体压力,35岁找工作,3576
2024-03-31,结构性/弱势群体压力,35岁找工作,3727
2024-04-30,结构性/弱势群体压力,35岁找工作,3424
2024-05-31,结构性/弱势群体压力,35岁找工作,3501
2024-06-30,结构性/弱势群体压力,35岁找工作,3380
2024-07-31,结构性/弱势群体压力,35岁找工作,3883
2024-08-31,结构性/弱势群体压力,35岁找工作,3586
2024-09-30,结构性/弱势群体压力,35岁找工作,4005
2024-10-31,结构性/弱势群体压力,35岁找工作,4050
2024-11-30,结构性/弱势群体压力,35岁找工作,3922
2024-12-31,结构性/弱势群体压力,35岁找工作,5243
2023-01-31,结构性/弱势群体压力,中年就业,5668
2023-02-28,结构性/弱势群体压力,中年就业,4260
2023-03-31,结构性/弱势群体压力,中年就业,4340
2023-04-30,结构性/弱势群体压力,中年就业,3897
2023-05-31,结构性/弱势群体压力,中年就业,3958
2023-06-30,结构性/弱势群体压力,中年就业,4501
2023-07-31,结构性/弱势群体压力,中年就业,4143
2023-08-31,结构性/弱势群体压力,中年就业,4415
2023-09-30,结构性/弱势群体压力,中年就业,4596
2023-10-31,结构性/弱势群体压力,中年就业,4337
2023-11-30,结构性/弱势群体压力,中年就业,4920
2023-12-31,结构性/弱势群体压力,中年就业,4930
2024-01-31,结构性/弱势群体压力,中年就业,5867
2024-02-29,结构性/弱势群体压力,中年就业,4537
2024-03-31,结构性/弱势群体压力,中年就业,4247
2024-04-30,结构性/弱势群体压力,中年就业,4866
2024-05-31,结构性/弱势群体压力,中年就业,4193
2024-06-30,结构性/弱势群体压力,中年就业,4182
2024-07-31,结构性/弱势群体压力,中年就业,4351
2024-08-31,结构性/弱势群体压力,中年就业,4772
2024-09-30,结构性/弱势群体压力,中年就业,5166
2024-10-31,结构性/弱势群体压力,中年就业,4643
2024-11-30,结构性/弱势群体压力,中年就业,4698
2024-12-31,结构性/弱势群体压力,中年就业,6212
2023-01-31,结构性/弱势群体压力,蓝领招聘,3400
2023-02-28,结构性/弱势群体压力,蓝领招聘,2967
2023-03-31,结构性/弱势群体压力,蓝领招聘,2852
2023-04-30,结构性/弱势群体压力,蓝领招聘,2912
2023-05-31,结构性/弱势群体压力,蓝领招聘,2975
2023-06-30,结构性/弱势群体压力,蓝领招聘,2862
2023-07-31,结构性/弱势群体压力,蓝领招聘,3219
2023-08-31,结构性/弱势群体压力,蓝领招聘,2970
2023-09-30,结构性/弱势群体压力,蓝领招聘,2998
2023-10-31,结构性/弱势群体压力,蓝领招聘,3432
2023-11-30,结构性/弱势群体压力,蓝领招聘,2915
2023-12-31,结构性/弱势群体压力,蓝领招聘,3926
2024-01-31,结构性/弱势群体压力,蓝领招聘,3950
2024-02-29,结构性/弱势群体压力,蓝领招聘,3449
2024-03-31,结构性/弱势群体压力,蓝领招聘,3419
2024-04-30,结构性/弱势群体压力,蓝领招聘,2819
2024-05-31,结构性/弱势群体压力,蓝领招聘,2907
2024-06-30,结构性/弱势群体压力,蓝领招聘,3195
2024-07-31,结构性/弱势群体压力,蓝领招聘,3229
2024-08-31,结构性/弱势群体压力,蓝领招聘,3745
2024-09-30,结构性/弱势群体压力,蓝领招聘,3425
2024-10-31,结构性/弱势群体压力,蓝领招聘,3265
2024-11-30,结构性/弱势群体压力,蓝领招聘,3472
2024-12-31,结构性/弱势群体压力,蓝领招聘,3761
2023-01-31,结构性/弱势群体压力,低学历就业,5658
2023-02-28,结构性/弱势群体压力,低学历就业,5283
2023-03-31,结构性/弱势群体压力,低学历就业,4188
2023-04-30,结构性/弱势群体压力,低学历就业,4485
2023-05-31,结构性/弱势群体压力,低学历就业,4840
2023-06-30,结构性/弱势群体压力,低学历就业,4661
2023-07-31,结构性/弱势群体压力,低学历就业,4210
2023-08-31,结构性/弱势群体压力,低学历就业,5291
2023-09-30,结构性/弱势群体压力,低学历就业,4803
2023-10-31,结构性/弱势群体压力,低学历就业,4484
2023-11-30,结构性/弱势群体压力,低学历就业,5161
2023-12-31,结构性/弱势群体压力,低学历就业,5936
2024-01-31,结构性/弱势群体压力,低学历就业,5496
2024-02-29,结构性/弱势群体压力,低学历就业,5546
2024-03-31,结构性/弱势群体压力,低学历就业,5544
2024-04-30,结构性/弱势群体压力,低学历就业,4535
2024-05-31,结构性/弱势群体压力,低学历就业,6083
2024-06-30,结构性/弱势群体压力,低学历就业,5512
2024-07-31,结构性/弱势群体压力,低学历就业,5126
2024-08-31,结构性/弱势群体压力,低学历就业,5026
2024-09-30,结构性/弱势群体压力,低学历就业,5002
2024-10-31,结构性/弱势群体压力,低学历就业,5291
2024-11-30,结构性/弱势群体压力,低学历就业,5667
2024-12-31,结构性/弱势群体压力,低学历就业,6308
2023-01-31,结构性/弱势群体压力,外卖骑手,2507
2023-02-28,结构性/弱势群体压力,外卖骑手,1893
2023-03-31,结构性/弱势群体压力,外卖骑手,1961
2023-04-30,结构性/弱势群体压力,外卖骑手,1915
2023-05-31,结构性/弱势群体压力,外卖骑手,1711
2023-06-30,结构性/弱势群体压力,外卖骑手,1794
2023-07-31,结构性/弱势群体压力,外卖骑手,2000
2023-08-31,结构性/弱势群体压力,外卖骑手,2000
2023-09-30,结构性/弱势群体压力,外卖骑手,1778
2023-10-31,结构性/弱势群体压力,外卖骑手,2235
2023-11-30,结构性/弱势群体压力,外卖骑手,2292
2023-12-31,结构性/弱势群体压力,外卖骑手,2912
2024-01-31,结构性/弱势群体压力,外卖骑手,2772
2024-02-29,结构性/弱势群体压力,外卖骑手,2391
2024-03-31,结构性/弱势群体压力,外卖骑手,2120
2024-04-30,结构性/弱势群体压力,外卖骑手,1963
2024-05-31,结构性/弱势群体压力,外卖骑手,2046
2024-06-30,结构性/弱势群体压力,外卖骑手,2687
2024-07-31,结构性/弱势群体压力,外卖骑手,2171
2024-08-31,结构性/弱势群体压力,外卖骑手,2064
2024-09-30,结构性/弱势群体压力,外卖骑手,2295
2024-10-31,结构性/弱势群体压力,外卖骑手,2525
2024-11-30,结构性/弱势群体压力,外卖骑手,2427
2024-12-31,结构性/弱势群体压力,外卖骑手,2945
2023-01-31,结构性/弱势群体压力,快递员,1778
2023-02-28,结构性/弱势群体压力,快递员,1250
2023-03-31,结构性/弱势群体压力,快递员,1349
2023-04-30,结构性/弱势群体压力,快递员,1477
2023-05-31,结构性/弱势群体压力,快递员,1292
2023-06-30,结构性/弱势群体压力,快递员,1303
2023-07-31,结构性/弱势群体压力,快递员,1572
2023-08-31,结构性/弱势群体压力,快递员,1497
2023-09-30,结构性/弱势群体压力,快递员,1565
2023-10-31,结构性/弱势群体压力,快递员,1375
2023-11-30,结构性/弱势群体压力,快递员,1322
2023-12-31,结构性/弱势群体压力,快递员,1820
2024-01-31,结构性/弱势群体压力,快递员,1812
2024-02-29,结构性/弱势群体压力,快递员,1339
2024-03-31,结构性/弱势群体压力,快递员,1469
2024-04-30,结构性/弱势群体压力,快递员,1839
2024-05-31,结构性/弱势群体压力,快递员,1622
2024-06-30,结构性/弱势群体压力,快递员,1549
2024-07-31,结构性/弱势群体压力,快递员,1611
2024-08-31,结构性/弱势群体压力,快递员,1540
2024-09-30,结构性/弱势群体压力,快递员,1627
2024-10-31,结构性/弱势群体压力,快递员,1567
2024-11-30,结构性/弱势群体压力,快递员,1619
2024-12-31,结构性/弱势群体压力,快递员,2097
2023-01-31,结构性/弱势群体压力,送外卖,5504
2023-02-28,结构性/弱势群体压力,送外卖,4482
2023-03-31,结构性/弱势群体压力,送外卖,4252
2023-04-30,结构性/弱势群体压力,送外卖,4429
2023-05-31,结构性/弱势群体压力,送外卖,5138
2023-06-30,结构性/弱势群体压力,送外卖,4807
2023-07-31,结构性/弱势群体压力,送外卖,4912
2023-08-31,结构性/弱势群体压力,送外卖,5677
2023-09-30,结构性/弱势群体压力,送外卖,5049
2023-10-31,结构性/弱势群体压力,送外卖,4454
2023-11-30,结构性/弱势群体压力,送外卖,4695
2023-12-31,结构性/弱势群体压力,送外卖,6486
2024-01-31,结构性/弱势群体压力,送外卖,5802
2024-02-29,结构性/弱势群体压力,送外卖,5663
2024-03-31,结构性/弱势群体压力,送外卖,4833
2024-04-30,结构性/弱势群体压力,送外卖,4677
2024-05-31,结构性/弱势群体压力,送外卖,5334
2024-06-30,结构性/弱势群体压力,送外卖,6105
2024-07-31,结构性/弱势群体压力,送外卖,5560
2024-08-31,结构性/弱势群体压力,送外卖,5932
2024-09-30,结构性/弱势群体压力,送外卖,5503
2024-10-31,结构性/弱势群体压力,送外卖,5287
2024-11-30,结构性/弱势群体压力,送外卖,5461
2024-12-31,结构性/弱势群体压力,送外卖,7086
2023-01-31,结构性/弱势群体压力,兼职,2542
2023-02-28,结构性/弱势群体压力,兼职,1955
2023-03-31,结构性/弱势群体压力,兼职,2008
2023-04-30,结构性/弱势群体压力,兼职,1549
2023-05-31,结构性/弱势群体压力,兼职,2065
2023-06-30,结构性/弱势群体压力,兼职,2357
2023-07-31,结构性/弱势群体压力,兼职,2272
2023-08-31,结构性/弱势群体压力,兼职,2280
2023-09-30,结构性/弱势群体压力,兼职,2241
2023-10-31,结构性/弱势群体压力,兼职,1821
2023-11-30,结构性/弱势群体压力,兼职,2062
2023-12-31,结构性/弱势群体压力,兼职,2325
2024-01-31,结构性/弱势群体压力,兼职,2608
2024-02-29,结构性/弱势群体压力,兼职,1981
2024-03-31,结构性/弱势群体压力,兼职,2168
2024-04-30,结构性/弱势群体压力,兼职,2312
2024-05-31,结构性/弱势群体压力,兼职,1968
2024-06-30,结构性/弱势群体压力,兼职,2013
2024-07-31,结构性/弱势群体压力,兼职,2176
2024-08-31,结构性/弱势群体压力,兼职,2478
2024-09-30,结构性/弱势群体压力,兼职,1931
2024-10-31,结构性/弱势群体压力,兼职,2345
2024-11-30,结构性/弱势群体压力,兼职,2130
2024-12-31,结构性/弱势群体压力,兼职,2669
2023-01-31,结构性/弱势群体压力,临时工,4243
2023-02-28,结构性/弱势群体压力,临时工,3835
2023-03-31,结构性/弱势群体压力,临时工,3325
2023-04-30,结构性/弱势群体压力,临时工,4737
2023-05-31,结构性/弱势群体压力,临时工,4102
2023-06-30,结构性/弱势群体压力,临时工,4160
2023-07-31,结构性/弱势群体压力,临时工,4243
2023-08-31,结构性/弱势群体压力,临时工,3925
2023-09-30,结构性/弱势群体压力,临时工,3577
2023-10-31,结构性/弱势群体压力,临时工,3694
2023-11-30,结构性/弱势群体压力,临时工,4283
2023-12-31,结构性/弱势群体压力,临时工,4880
2024-01-31,结构性/弱势群体压力,临时工,4686
2024-02-29,结构性/弱势群体压力,临时工,4377
2024-03-31,结构性/弱势群体压力,临时工,4680
2024-04-30,结构性/弱势群体压力,临时工,3694
2024-05-31,结构性/弱势群体压力,临时工,4390
2024-06-30,结构性/弱势群体压力,临时工,4265
2024-07-31,结构性/弱势群体压力,临时工,4503
2024-08-31,结构性/弱势群体压力,临时工,4332
2024-09-30,结构性/弱势群体压力,临时工,4485
2024-10-31,结构性/弱势群体压力,临时工,4433
2024-11-30,结构性/弱势群体压力,临时工,4787
2024-12-31,结构性/弱势群体压力,临时工,5654
2023-01-31,结构性/弱势群体压力,底层劳动岗位,2764
2023-02-28,结构性/弱势群体压力,底层劳动岗位,2322
2023-03-31,结构性/弱势群体压力,底层劳动岗位,2175
2023-04-30,结构性/弱势群体压力,底层劳动岗位,2614
2023-05-31,结构性/弱势群体压力,底层劳动岗位,2185
2023-06-30,结构性/弱势群体压力,底层劳动岗位,2545
2023-07-31,结构性/弱势群体压力,底层劳动岗位,2900
2023-08-31,结构性/弱势群体压力,底层劳动岗位,2785
2023-09-30,结构性/弱势群体压力,底层劳动岗位,2217
2023-10-31,结构性/弱势群体压力,底层劳动岗位,2573
2023-11-30,结构性/弱势群体压力,底层劳动岗位,2382
2023-12-31,结构性/弱势群体压力,底层劳动岗位,3389
2024-01-31,结构性/弱势群体压力,底层劳动岗位,2900
2024-02-29,结构性/弱势群体压力,底层劳动岗位,2745
2024-03-31,结构性/弱势群体压力,底层劳动岗位,2906
2024-04-30,结构性/弱势群体压力,底层劳动岗位,2627
2024-05-31,结构性/弱势群体压力,底层劳动岗位,2717
2024-06-30,结构性/弱势群体压力,底层劳动岗位,2702
2024-07-31,结构性/弱势群体压力,底层劳动岗位,2701
2024-08-31,结构性/弱势群体压力,底层劳动岗位,2596
2024-09-30,结构性/弱势群体压力,底层劳动岗位,2737
2024-10-31,结构性/弱势群体压力,底层劳动岗位,2863
2024-11-30,结构性/弱势群体压力,底层劳动岗位,2260
2024-12-31,结构性/弱势群体压力,底层劳动岗位,3373
